keyword,score,source
chillum,0.8198,subreddit-data
taboo,0.7313,subreddit-data
watsapp,0.6871,subreddit-data
baner,0.6594,subreddit-data
hulk,0.6376,subreddit-data
aroma,0.6353,subreddit-data
dharamshalamcleodganj,0.6314,subreddit-data
bleach,0.6097,subreddit-data
blazers,0.6026,subreddit-data
creatine,0.5935,subreddit-data
meth,0.5933,subreddit-data
yhwach,0.592,subreddit-data
distillation,0.5751,subreddit-data
panwalas,0.5741,subreddit-data
bhang,0.5738,subreddit-data
satchets,0.5728,subreddit-data
oppenheimer,0.5719,subreddit-data
oregano,0.5712,subreddit-data
bakedbags,0.5631,subreddit-data
schnitzel,0.5601,subreddit-data
discord,0.5591,subreddit-data
deliriant,0.5529,subreddit-data
bongs,0.5526,subreddit-data
propoganda,0.5451,subreddit-data
wakadhinjewadi,0.5449,subreddit-data
scene,0.543,subreddit-data
shoolagiri,0.5423,subreddit-data
concerts,0.5418,subreddit-data
scammers,0.5386,subreddit-data
malana,0.533,subreddit-data
yoga,0.5317,subreddit-data
policyhelpcontentpolicy,0.5307,subreddit-data
grinder,0.5292,subreddit-data
ganja,0.5288,subreddit-data
rehydrate,0.5255,subreddit-data
mcleodganj,0.5248,subreddit-data
adderall,0.5232,subreddit-data
grinders,0.519,subreddit-data
herbaveda,0.5138,subreddit-data
sober,0.5136,subreddit-data
vati,0.5124,subreddit-data
bhai,0.5112,subreddit-data
tonight,0.5112,subreddit-data
bholenath,0.508,subreddit-data
datura,0.5073,subreddit-data
scam,0.5063,subreddit-data
damages,0.506,subreddit-data
dharamkot,0.5053,subreddit-data
chocolate,0.5042,subreddit-data
bioavailability,0.5027,subreddit-data
server,0.5021,subreddit-data
cigs,0.5012,subreddit-data
kondhwa,0.4993,subreddit-data
dhatura,0.4988,subreddit-data
dmd,0.4983,subreddit-data
rehydration,0.4982,subreddit-data
flask,0.4967,subreddit-data
telugu,0.4966,subreddit-data
valley,0.4961,subreddit-data
expiry,0.4953,subreddit-data
joint,0.4946,subreddit-data
vijayamart,0.4926,subreddit-data
divine,0.4919,subreddit-data
ban,0.4916,subreddit-data
festival,0.4913,subreddit-data
zinta,0.4877,subreddit-data
acid,0.4858,subreddit-data
hinjewadi,0.4837,subreddit-data
rakhlo,0.4836,subreddit-data
joy,0.4836,subreddit-data
land,0.4822,subreddit-data
milestones,0.4814,subreddit-data
parcel,0.4813,subreddit-data
pirelli,0.481,subreddit-data
subconscious,0.4806,subreddit-data
powder,0.479,subreddit-data
traffic,0.4784,subreddit-data
cig,0.4781,subreddit-data
kharadi,0.4779,subreddit-data
rock,0.4778,subreddit-data
vijaya,0.4765,subreddit-data
constipation,0.4762,subreddit-data
shrooms,0.4732,subreddit-data
monk,0.4728,subreddit-data
za,0.4726,subreddit-data
manikaran,0.4723,subreddit-data
botanicals,0.4722,subreddit-data
headaches,0.4719,subreddit-data
blunt,0.471,subreddit-data
indiamart,0.4706,subreddit-data
dharamshala,0.4674,subreddit-data
theka,0.467,subreddit-data
churan,0.4646,subreddit-data
og,0.4641,subreddit-data
ciggs,0.4632,subreddit-data
indica,0.4629,subreddit-data
pranayama,0.4628,subreddit-data
concert,0.4628,subreddit-data
dealers,0.4626,subreddit-data
mango,0.4625,subreddit-data
birthday,0.4621,subreddit-data
amphetamines,0.4619,subreddit-data
smell,0.4616,subreddit-data
seeds,0.4614,subreddit-data
moonrock,0.4608,subreddit-data
birthdayyy,0.4607,subreddit-data
batana,0.4605,subreddit-data
cartel,0.46,subreddit-data
pokhara,0.4598,subreddit-data
legend,0.4592,subreddit-data
ayega,0.4588,subreddit-data
hotel,0.4586,subreddit-data
hai,0.4584,subreddit-data
packaging,0.4582,subreddit-data
paan,0.4579,subreddit-data
cannabis,0.4572,subreddit-data
cigarettes,0.4569,subreddit-data
hydroxybutyrate,0.4566,subreddit-data
wax,0.4562,subreddit-data
hash,0.4562,subreddit-data
villages,0.4548,subreddit-data
germination,0.4541,subreddit-data
hrs,0.4538,subreddit-data
syrups,0.4536,subreddit-data
edibles,0.4531,subreddit-data
bokaro,0.4529,subreddit-data
lighters,0.4528,subreddit-data
payment,0.4527,subreddit-data
meditate,0.4525,subreddit-data
nicotine,0.4525,subreddit-data
grams,0.452,subreddit-data
ghb,0.4518,subreddit-data
kharar,0.4505,subreddit-data
psychedelics,0.4481,subreddit-data
ogs,0.4478,subreddit-data
bhara,0.4476,subreddit-data
pot,0.4473,subreddit-data
birthdays,0.4468,subreddit-data
germinate,0.4467,subreddit-data
acidity,0.4456,subreddit-data
stomach,0.4447,subreddit-data
propaganda,0.4444,subreddit-data
ug,0.4442,subreddit-data
hypno,0.4438,subreddit-data
mangos,0.4426,subreddit-data
edies,0.4423,subreddit-data
sweets,0.4422,subreddit-data
vape,0.4418,subreddit-data
lungs,0.4404,subreddit-data
asmr,0.4396,subreddit-data
photography,0.4386,subreddit-data
teaspoon,0.4384,subreddit-data
zeppelin,0.4381,subreddit-data
jars,0.4372,subreddit-data
flavours,0.4359,subreddit-data
monsoons,0.4356,subreddit-data
weekend,0.4355,subreddit-data
ents,0.4353,subreddit-data
pollen,0.4352,subreddit-data
bhaang,0.435,subreddit-data
lighter,0.4343,subreddit-data
khana,0.4343,subreddit-data
baggage,0.4342,subreddit-data
rourkela,0.4334,subreddit-data
ph,0.4332,subreddit-data
sagar,0.4324,subreddit-data
comeback,0.4323,subreddit-data
pharmaceutical,0.4318,subreddit-data
poisonous,0.4315,subreddit-data
saunf,0.4307,subreddit-data
hawa,0.43,subreddit-data
place,0.4289,subreddit-data
metallica,0.4289,subreddit-data
baba,0.4288,subreddit-data
dosage,0.4288,subreddit-data
hangover,0.4284,subreddit-data
brownies,0.4282,subreddit-data
nirvana,0.4271,subreddit-data
golis,0.427,subreddit-data
thailand,0.4266,subreddit-data
tobacco,0.4261,subreddit-data
saturdays,0.4257,subreddit-data
bro,0.4257,subreddit-data
ladakh,0.4256,subreddit-data
remix,0.4252,subreddit-data
pani,0.4251,subreddit-data
dm,0.4249,subreddit-data
psilocybin,0.424,subreddit-data
condiments,0.4239,subreddit-data
ciggerate,0.4238,subreddit-data
meditation,0.4233,subreddit-data
ayurvedic,0.4224,subreddit-data
mountains,0.4222,subreddit-data
noida,0.4221,subreddit-data
sama,0.4219,subreddit-data
bong,0.4211,subreddit-data
waterfall,0.4209,subreddit-data
goli,0.4206,subreddit-data
buzz,0.4202,subreddit-data
punee,0.4195,subreddit-data
bhole,0.4189,subreddit-data
landscape,0.4183,subreddit-data
weed,0.4181,subreddit-data
mall,0.4179,subreddit-data
techno,0.4179,subreddit-data
ashtray,0.4177,subreddit-data
puneri,0.4175,subreddit-data
bands,0.4174,subreddit-data
cigarette,0.4169,subreddit-data
opium,0.4165,subreddit-data
poison,0.4164,subreddit-data
pharmaceuticals,0.4161,subreddit-data
pineapple,0.4161,subreddit-data
gbl,0.416,subreddit-data
lung,0.4159,subreddit-data
flower,0.4159,subreddit-data
babas,0.4155,subreddit-data
juice,0.4154,subreddit-data
radiohead,0.4154,subreddit-data
summer,0.4154,subreddit-data
gel,0.4151,subreddit-data
psychs,0.415,subreddit-data
city,0.4149,subreddit-data
blurry,0.4145,subreddit-data
edible,0.4138,subreddit-data
race,0.4138,subreddit-data
bhujia,0.4136,subreddit-data
munakkas,0.4126,subreddit-data
herbs,0.4125,subreddit-data
herb,0.4123,subreddit-data
potent,0.4121,subreddit-data
nature,0.412,subreddit-data
interested,0.4119,subreddit-data
science,0.4117,subreddit-data
charminar,0.4115,subreddit-data
mahakal,0.4111,subreddit-data
brownie,0.4107,subreddit-data
smoothie,0.4106,subreddit-data
daze,0.4104,subreddit-data
herbals,0.4103,subreddit-data
abuser,0.4099,subreddit-data
kasol,0.4097,subreddit-data
sedation,0.4097,subreddit-data
buyers,0.4094,subreddit-data
smooth,0.4092,subreddit-data
words,0.4092,subreddit-data
manali,0.409,subreddit-data
outskirts,0.409,subreddit-data
lsd,0.4086,subreddit-data
perceiveable,0.4084,subreddit-data
audiovideo,0.4082,subreddit-data
taste,0.4079,subreddit-data
autoflower,0.4078,subreddit-data
sativas,0.4073,subreddit-data
gbh,0.4069,subreddit-data
vibrator,0.4068,subreddit-data
butter,0.4062,subreddit-data
nepal,0.4062,subreddit-data
damage,0.4061,subreddit-data
munakka,0.4055,subreddit-data
psychedelic,0.4054,subreddit-data
monthly,0.4053,subreddit-data
kedar,0.405,subreddit-data
herbal,0.4039,subreddit-data
cream,0.4038,subreddit-data
song,0.4035,subreddit-data
cucumber,0.4034,subreddit-data
high,0.4034,subreddit-data
itinerary,0.4033,subreddit-data
potency,0.4029,subreddit-data
mountain,0.4027,subreddit-data
seed,0.4024,subreddit-data
clonazepam,0.4022,subreddit-data
tolerance,0.4021,subreddit-data
session,0.4021,subreddit-data
juhu,0.4015,subreddit-data
trip,0.4013,subreddit-data
abhi,0.4007,subreddit-data
congrats,0.4006,subreddit-data
